,datetime,bubble_count
0,2019-05-07 11:08:14.038001,1
1,2019-05-08 10:33:47.312000,2
2,2019-05-08 10:33:56.409000,3
3,2019-05-08 12:47:45.610000,4
4,2019-05-11 08:20:04.081999,5
5,2019-05-13 23:12:29.679000,6
6,2019-05-15 01:23:03.764999,7
7,2019-05-17 09:31:54.813000,8
8,2019-05-20 15:40:45.976000,9
9,2019-06-01 01:49:45.149000,10
10,2019-08-07 23:20:16.956000,11
11,2019-08-11 08:35:42.972000,12
12,2019-08-12 20:49:47.048000,13
13,2019-08-14 06:38:21.162001,14
14,2019-08-14 17:30:38.235001,15
15,2019-08-16 00:22:43.671999,16
16,2019-08-16 09:39:20.342999,17
17,2019-08-17 05:17:52.554000,18
18,2019-08-19 05:54:19.113001,19
19,2019-08-22 15:15:11.259001,20
20,2019-08-23 00:05:00.448000,21
21,2019-08-27 08:48:55.710000,22
22,2019-08-28 22:34:54.871000,23
23,2019-08-29 06:23:08.854001,24
24,2019-08-29 20:53:53.967001,25
25,2019-08-30 04:26:42.498000,26
26,2019-08-31 02:09:21.381999,27
27,2019-09-01 08:13:56.271000,28
28,2019-09-01 22:35:34.862000,29
29,2019-09-02 06:02:08.980000,30
30,2019-09-02 19:36:49.771000,31
31,2019-09-03 02:42:05.199000,32
32,2019-09-03 08:54:27.716000,33
33,2019-09-03 22:50:31.793000,34
34,2019-09-04 06:14:00.687000,35
35,2019-09-04 11:52:34.032000,36
36,2019-09-04 19:38:49.755000,37
37,2019-09-05 02:30:03.717000,38
38,2019-09-05 08:52:57.826000,39
39,2019-09-05 15:52:44.395000,40
40,2019-09-05 22:41:16.703000,41
41,2019-09-06 06:12:44.294999,42
42,2019-09-06 11:50:06.226999,43
43,2019-09-06 19:35:33.143999,44
44,2019-09-07 02:11:50.139000,45
45,2019-09-07 08:28:51.394000,46
46,2019-09-07 22:16:56.516000,47
47,2019-09-08 05:39:31.812000,48
48,2019-09-09 01:40:56.513000,49
49,2019-09-09 07:55:36.804000,50
50,2019-09-09 21:24:04.203000,51
51,2019-09-10 04:29:29.664000,52
52,2019-09-10 10:08:04.934000,53
53,2019-09-10 17:40:12.881000,54
54,2019-09-11 00:08:51.060001,55
55,2019-09-11 20:41:23.098001,56
56,2019-09-12 03:40:16.977001,57
57,2019-09-13 05:42:04.096000,58
58,2019-09-14 07:00:11.015000,59
59,2019-09-14 12:26:31.214000,60
60,2019-09-16 03:17:51.353999,61
61,2019-09-23 23:31:15.743000,62
62,2019-09-25 19:20:49.154001,63
63,2019-09-26 21:17:21.910999,64
64,2019-09-27 03:35:09.065000,65
65,2019-10-07 20:52:10.411000,66
66,2019-10-14 07:14:10.745000,67
67,2019-10-15 14:20:18.661001,68
68,2019-10-26 16:50:05.613000,69
69,2019-11-04 17:14:16.326000,70
70,2019-11-16 11:47:19.387000,71
71,2019-11-21 14:02:57.050999,72
72,2019-11-21 20:45:16.886999,73
73,2019-11-22 03:08:07.364000,74
74,2019-11-22 08:33:06.019000,75
75,2019-11-22 13:37:03.211000,76
76,2019-11-23 04:40:32.742000,77
77,2019-11-23 19:56:30.960000,78
78,2019-11-24 03:28:23.913000,79
79,2019-11-24 09:26:25.385000,80
80,2019-11-24 22:52:29.664000,81
81,2019-11-25 05:00:02.390000,82
82,2019-11-25 11:36:32.958000,83
83,2019-11-25 16:45:25.646000,84
84,2019-11-25 21:05:36.805000,85
85,2019-11-25 23:46:25.835000,86
86,2019-11-26 05:27:07.174999,87
87,2019-11-26 07:54:33.305999,88
88,2019-11-26 16:15:08.837999,89
89,2019-11-27 01:53:15.322000,90
90,2019-11-27 08:17:10.228000,91
91,2019-11-27 10:09:43.177000,92
92,2019-11-27 12:22:05.095000,93
93,2019-11-27 20:20:19.961000,94
94,2019-11-28 11:39:57.810000,95
95,2019-11-30 10:44:24.108001,96
96,2019-12-02 05:54:43.916001,97
97,2019-12-02 17:04:49.972001,98
98,2019-12-03 05:12:04.276000,99
99,2019-12-03 10:29:18.717000,100
100,2019-12-04 04:44:54.552000,101
101,2019-12-04 04:44:56.971000,102
102,2019-12-04 04:45:03.117000,103
103,2019-12-04 04:45:17.055000,104
104,2019-12-04 05:07:11.098000,105
105,2019-12-04 15:38:03.936000,106
106,2019-12-05 05:55:12.688999,107
107,2019-12-05 16:25:12.315999,108
108,2019-12-05 23:33:06.939999,109
109,2019-12-06 17:37:02.994000,110
110,2019-12-07 08:18:36.436000,111
111,2019-12-07 10:29:17.781000,112
112,2019-12-07 10:41:21.973000,113
113,2019-12-07 19:21:26.197000,114
114,2019-12-07 20:20:26.537000,115
115,2019-12-07 20:20:32.990000,116
116,2019-12-08 07:51:03.356000,117
117,2019-12-08 15:18:24.569000,118
118,2019-12-08 17:37:30.927000,119
119,2019-12-09 08:56:31.280000,120
120,2019-12-09 12:42:40.928000,121
121,2019-12-09 14:29:11.519000,122
122,2019-12-10 00:42:45.321000,123
123,2019-12-10 00:42:48.018000,124
124,2019-12-10 01:55:09.057000,125
125,2019-12-10 03:19:07.809000,126
126,2019-12-10 03:19:10.100000,127
127,2019-12-10 03:19:15.999000,128
128,2019-12-10 17:39:23.418000,129
129,2019-12-10 18:03:26.535000,130
130,2019-12-11 01:11:54.916001,131
131,2019-12-11 05:21:57.057001,132
132,2019-12-11 06:46:43.650001,133
133,2019-12-11 06:47:16.420001,134
134,2019-12-11 09:29:43.466001,135
135,2019-12-11 18:47:08.678001,136
136,2019-12-11 18:47:21.931001,137
137,2019-12-12 02:28:48.673000,138
138,2019-12-12 02:30:45.028000,139
139,2019-12-12 10:29:58.961000,140
140,2019-12-12 23:42:51.900000,141
141,2019-12-13 05:56:31.998999,142
142,2019-12-13 10:25:01.328999,143
143,2019-12-13 23:49:12.530999,144
144,2019-12-13 23:50:30.298999,145
145,2019-12-14 12:02:24.364000,146
146,2019-12-14 13:49:42.755000,147
147,2019-12-14 14:47:31.516000,148
148,2019-12-14 22:25:38.284000,149
149,2019-12-15 05:12:04.360001,150
150,2019-12-15 09:11:49.964001,151
151,2019-12-15 10:32:49.121001,152
152,2019-12-15 16:17:26.148001,153
153,2019-12-15 16:51:35.689001,154
154,2019-12-15 21:57:46.694001,155
155,2019-12-15 22:46:15.328001,156
156,2019-12-16 06:57:14.101000,157
157,2019-12-16 08:15:56.165000,158
158,2019-12-16 08:22:53.349000,159
159,2019-12-16 08:22:59.001000,160
160,2019-12-16 22:14:08.211000,161
161,2019-12-17 00:38:17.595000,162
162,2019-12-17 00:47:35.293000,163
163,2019-12-17 02:41:59.597000,164
164,2019-12-17 08:49:27.474000,165
165,2019-12-17 10:11:21.224000,166
166,2019-12-17 12:34:07.256000,167
167,2019-12-17 16:28:51.277000,168
168,2019-12-17 18:37:20.537000,169
169,2019-12-17 18:44:44.629000,170
170,2019-12-17 18:50:05.929000,171
171,2019-12-17 18:56:48.983000,172
172,2019-12-17 18:56:50.609000,173
173,2019-12-17 18:56:57.773000,174
174,2019-12-17 18:56:59.320000,175
175,2019-12-17 21:38:40.520000,176
176,2019-12-18 03:16:55.617001,177
177,2019-12-18 04:05:31.521001,178
178,2019-12-18 06:37:31.805001,179
179,2019-12-18 08:09:43.173001,180
180,2019-12-18 08:09:49.630001,181
181,2019-12-18 09:12:48.860001,182
182,2019-12-18 16:28:32.222001,183
183,2019-12-18 21:52:50.167001,184
184,2019-12-18 21:52:51.948001,185
185,2019-12-18 21:59:50.640001,186
186,2019-12-18 22:49:45.977001,187
187,2019-12-19 02:17:46.291001,188
188,2019-12-19 03:49:23.254001,189
189,2019-12-19 06:31:30.321001,190
190,2019-12-19 06:43:47.685001,191
191,2019-12-19 06:48:30.491001,192
192,2019-12-19 10:17:53.032001,193
193,2019-12-19 11:18:13.328001,194
194,2019-12-19 11:18:15.501001,195
195,2019-12-19 11:18:16.713001,196
196,2019-12-19 11:18:18.983001,197
197,2019-12-19 11:18:20.766001,198
198,2019-12-19 11:18:21.950001,199
199,2019-12-19 11:18:23.074001,200
200,2019-12-19 11:18:24.417001,201
201,2019-12-19 11:18:25.969001,202
202,2019-12-19 11:18:27.302001,203
203,2019-12-19 11:18:28.487001,204
204,2019-12-19 11:18:30.881001,205
205,2019-12-19 11:18:32.112001,206
206,2019-12-19 11:18:33.347001,207
207,2019-12-19 11:18:36.177001,208
208,2019-12-19 11:18:39.569001,209
209,2019-12-19 11:18:43.558001,210
210,2019-12-19 11:18:53.397001,211
211,2019-12-19 11:19:05.371001,212
212,2019-12-19 11:19:19.340001,213
213,2019-12-19 11:19:39.858001,214
214,2019-12-19 11:20:51.062001,215
215,2019-12-19 13:55:56.860001,216
216,2019-12-19 14:59:08.289001,217
217,2019-12-19 15:03:11.251001,218
218,2019-12-19 15:17:08.651001,219
219,2019-12-19 15:31:48.343001,220
220,2019-12-19 19:00:07.530001,221
221,2019-12-19 21:49:57.953001,222
222,2019-12-20 00:38:01.415000,223
223,2019-12-20 05:57:06.348000,224
224,2019-12-20 06:23:42.847000,225
225,2019-12-20 07:39:33.354000,226
226,2019-12-20 13:16:20.215000,227
227,2019-12-20 17:32:54.518000,228
228,2019-12-20 17:46:25.242000,229
229,2019-12-20 19:26:56.327000,230
230,2019-12-20 23:07:26.607000,231
231,2019-12-21 01:51:33.433000,232
232,2019-12-21 04:51:47.823000,233
233,2019-12-21 05:32:47.790000,234
234,2019-12-21 06:46:06.790000,235
235,2019-12-21 12:25:29.964000,236
236,2019-12-21 12:40:37.624000,237
237,2019-12-21 16:56:58.537000,238
238,2019-12-21 19:13:54.637000,239
239,2019-12-21 19:36:18.225000,240
240,2019-12-21 21:50:43.138000,241
241,2019-12-21 22:19:37.384000,242
242,2019-12-21 23:23:16.549000,243
243,2019-12-21 23:47:45.175000,244
244,2019-12-21 23:47:48.636000,245
245,2019-12-21 23:47:54.026000,246
246,2019-12-21 23:48:40.397000,247
247,2019-12-22 03:58:24.854000,248
248,2019-12-22 06:15:28.414000,249
249,2019-12-22 06:41:01.620000,250
250,2019-12-22 08:00:01.916000,251
251,2019-12-22 08:55:02.666000,252
252,2019-12-22 09:01:09.634000,253
253,2019-12-22 09:38:19.482000,254
254,2019-12-22 09:38:25.379000,255
255,2019-12-22 09:38:43.187000,256
256,2019-12-22 14:37:50.744000,257
257,2019-12-22 14:50:40.809000,258
258,2019-12-22 16:17:48.978000,259
259,2019-12-22 16:59:19.091000,260
260,2019-12-22 18:16:09.346000,261
261,2019-12-22 18:24:34.392000,262
262,2019-12-22 18:29:08.867000,263
263,2019-12-22 19:45:06.172000,264
264,2019-12-22 21:28:49.685000,265
265,2019-12-22 23:36:44.955000,266
266,2019-12-23 00:47:00.999000,267
267,2019-12-23 00:47:02.322000,268
268,2019-12-23 01:55:56.736000,269
269,2019-12-23 02:34:14.171000,270
270,2019-12-23 03:07:15.416000,271
271,2019-12-23 04:27:24.674000,272
272,2019-12-23 05:58:16.375000,273
273,2019-12-23 07:12:29.564000,274
274,2019-12-23 08:41:30.978000,275
275,2019-12-23 10:14:39.086000,276
276,2019-12-23 10:14:44.913000,277
277,2019-12-23 10:16:27.859000,278
278,2019-12-23 11:14:45.251000,279
279,2019-12-23 12:04:23.899000,280
280,2019-12-23 13:45:07.779000,281
281,2019-12-23 13:45:15.120000,282
282,2019-12-23 13:45:22.569000,283
283,2019-12-23 13:45:30.492000,284
284,2019-12-23 13:45:35.188000,285
285,2019-12-23 14:41:14.231000,286
286,2019-12-23 14:50:59.797000,287
287,2019-12-23 15:07:43.023000,288
288,2019-12-23 15:24:26.797000,289
289,2019-12-23 16:50:36.769000,290
290,2019-12-23 17:10:04.015000,291
291,2019-12-23 18:45:45.047000,292
292,2019-12-23 21:25:49.370000,293
293,2019-12-23 21:31:12.731000,294
294,2019-12-23 22:26:31.048000,295
295,2019-12-24 00:16:37.532000,296
296,2019-12-24 00:51:55.483000,297
297,2019-12-24 01:31:58.464000,298
298,2019-12-24 02:40:34.179000,299
299,2019-12-24 03:14:43.008000,300
300,2019-12-24 03:31:03.238000,301
301,2019-12-24 05:57:58.159000,302
302,2019-12-24 08:09:38.657000,303
303,2019-12-24 08:13:10.577000,304
304,2019-12-24 08:14:45.582000,305
305,2019-12-24 08:18:09.923000,306
306,2019-12-24 12:11:57.585000,307
307,2019-12-24 12:28:39.156000,308
308,2019-12-24 13:16:17.376000,309
309,2019-12-24 15:24:35.479000,310
310,2019-12-24 15:28:55.225000,311
311,2019-12-24 18:03:04.831000,312
312,2019-12-24 18:33:32.645000,313
313,2019-12-24 18:41:25.861000,314
314,2019-12-24 19:37:00.569000,315
315,2019-12-24 21:16:50.291000,316
316,2019-12-24 21:19:03.819000,317
317,2019-12-24 21:41:09.790000,318
318,2019-12-24 23:07:10.193000,319
319,2019-12-24 23:38:08.033000,320
320,2019-12-25 00:47:28.930001,321
321,2019-12-25 03:43:27.220001,322
322,2019-12-25 03:59:40.956001,323
323,2019-12-25 06:37:16.478001,324
324,2019-12-25 07:00:10.661001,325
325,2019-12-25 07:13:55.047001,326
326,2019-12-25 08:00:51.806001,327
327,2019-12-25 08:36:55.503001,328
328,2019-12-25 10:51:12.568001,329
329,2019-12-25 13:05:54.466001,330
330,2019-12-25 13:28:27.452001,331
331,2019-12-25 16:42:05.327001,332
332,2019-12-25 17:15:13.790001,333
333,2019-12-25 18:33:28.237001,334
334,2019-12-25 19:35:45.356001,335
335,2019-12-25 21:05:59.219001,336
336,2019-12-25 22:16:35.240001,337
337,2019-12-25 22:16:40.976001,338
338,2019-12-25 22:16:55.541001,339
339,2019-12-25 22:17:21.988001,340
340,2019-12-25 22:30:48.119001,341
341,2019-12-25 22:55:16.817001,342
342,2019-12-25 23:18:52.997001,343
343,2019-12-25 23:22:14.161001,344
344,2019-12-26 00:43:36.973000,345
345,2019-12-26 04:19:50.843000,346
346,2019-12-26 07:41:06.444000,347
347,2019-12-26 07:41:44.331000,348
348,2019-12-26 07:52:07.654000,349
349,2019-12-26 07:56:32.980000,350
350,2019-12-26 07:56:37.198000,351
351,2019-12-26 07:56:39.990000,352
352,2019-12-26 07:56:43.132000,353
353,2019-12-26 07:57:17.896000,354
354,2019-12-26 08:04:59.163000,355
355,2019-12-26 08:27:17.141000,356
356,2019-12-26 08:35:59.443000,357
357,2019-12-26 09:00:00.448000,358
358,2019-12-26 09:13:25.470000,359
359,2019-12-26 09:44:44.963000,360
360,2019-12-26 10:06:46.979000,361
361,2019-12-26 11:25:34.659000,362
362,2019-12-26 11:30:13.549000,363
363,2019-12-26 12:27:12.559000,364
364,2019-12-26 12:50:09.192000,365
365,2019-12-26 12:58:22.402000,366
366,2019-12-26 14:01:25.129000,367
367,2019-12-26 14:49:29.018000,368
368,2019-12-26 15:38:22.220000,369
369,2019-12-26 16:43:21.934000,370
370,2019-12-26 17:48:58.151000,371
371,2019-12-26 18:25:54.729000,372
372,2019-12-26 18:28:16.069000,373
373,2019-12-26 18:30:24.080000,374
374,2019-12-26 18:33:45.660000,375
375,2019-12-26 19:08:00.064000,376
376,2019-12-26 20:24:37.324000,377
377,2019-12-26 22:12:16.095000,378
378,2019-12-26 23:16:33.454000,379
379,2019-12-27 00:02:11.743000,380
380,2019-12-27 00:36:11.459000,381
381,2019-12-27 02:06:58.858000,382
382,2019-12-27 03:05:19.632000,383
383,2019-12-27 04:05:33.378000,384
384,2019-12-27 04:08:52.979000,385
385,2019-12-27 04:22:37.427000,386
386,2019-12-27 06:29:18.032000,387
387,2019-12-27 06:38:09.937000,388
388,2019-12-27 06:45:39.984000,389
389,2019-12-27 08:09:12.969000,390
390,2019-12-27 08:39:40.958000,391
391,2019-12-27 09:46:52.315000,392
392,2019-12-27 11:40:11.662000,393
393,2019-12-27 13:08:22.490000,394
394,2019-12-27 13:48:02.099000,395
395,2019-12-27 13:53:32.513000,396
396,2019-12-27 15:51:26.461000,397
397,2019-12-27 16:14:29.549000,398
398,2019-12-27 16:37:39.434000,399
399,2019-12-27 18:08:07.412000,400
400,2019-12-27 18:29:32.655000,401
401,2019-12-27 18:48:33.009000,402
402,2019-12-27 18:55:31.690000,403
403,2019-12-27 18:55:34.858000,404
404,2019-12-27 20:38:52.026000,405
405,2019-12-27 20:40:28.682000,406
406,2019-12-27 22:41:10.308000,407
407,2019-12-27 22:43:22.024000,408
408,2019-12-28 00:07:31.858000,409
409,2019-12-28 00:20:09.313000,410
410,2019-12-28 00:55:43.275000,411
411,2019-12-28 01:08:52.122000,412
412,2019-12-28 03:15:37.549000,413
413,2019-12-28 03:19:05.240000,414
414,2019-12-28 04:09:21.804000,415
415,2019-12-28 04:09:54.567000,416
416,2019-12-28 05:49:30.653000,417
417,2019-12-28 06:52:10.642000,418
418,2019-12-28 07:24:01.064000,419
419,2019-12-28 07:44:51.780000,420
420,2019-12-28 07:59:55.997000,421
421,2019-12-28 07:59:57.696000,422
422,2019-12-28 09:29:12.066000,423
423,2019-12-28 09:34:46.213000,424
424,2019-12-28 09:35:03.096000,425
425,2019-12-28 09:35:08.847000,426
426,2019-12-28 09:35:39.925000,427
427,2019-12-28 09:36:34.334000,428
428,2019-12-28 10:39:58.290000,429
429,2019-12-28 11:03:02.684000,430
430,2019-12-28 11:20:34.994000,431
431,2019-12-28 11:35:26.295000,432
432,2019-12-28 12:51:27.701000,433
433,2019-12-28 13:59:43.993000,434
434,2019-12-28 16:15:08.372000,435
435,2019-12-28 16:30:19.925000,436
436,2019-12-28 17:50:30.325000,437
437,2019-12-28 18:35:08.350000,438
438,2019-12-28 18:47:14.065000,439
439,2019-12-28 18:47:44.149000,440
440,2019-12-28 20:28:04.184000,441
441,2019-12-28 20:47:05.293000,442
442,2019-12-28 21:51:08.086000,443
443,2019-12-28 22:34:14.368000,444
444,2019-12-28 22:37:11.562000,445
445,2019-12-28 22:56:16.904000,446
446,2019-12-29 01:08:50.977000,447
447,2019-12-29 01:21:20.428000,448
448,2019-12-29 03:42:08.026000,449
449,2019-12-29 03:47:59.427000,450
450,2019-12-29 05:24:10.319000,451
451,2019-12-29 05:32:20.697000,452
452,2019-12-29 06:03:14.587000,453
453,2019-12-29 06:25:26.129000,454
454,2019-12-29 07:58:47.059000,455
455,2019-12-29 08:35:06.402000,456
456,2019-12-29 11:56:05.993000,457
457,2019-12-29 12:07:25.507000,458
458,2019-12-29 12:17:40.051000,459
459,2019-12-29 13:19:39.942000,460
460,2019-12-29 14:29:35.351000,461
461,2019-12-29 15:33:09.960000,462
462,2019-12-29 15:33:16.619000,463
463,2019-12-29 15:33:22.465000,464
464,2019-12-29 16:55:30.217000,465
465,2019-12-29 18:07:40.400000,466
466,2019-12-29 18:09:09.891000,467
467,2019-12-29 18:34:24.473000,468
468,2019-12-29 19:08:59.841000,469
469,2019-12-29 21:15:21.731000,470
470,2019-12-29 23:08:55.775000,471
471,2019-12-29 23:19:23.685000,472
472,2019-12-30 00:02:22.557999,473
473,2019-12-30 00:02:25.011999,474
474,2019-12-30 00:37:06.780999,475
475,2019-12-30 00:37:08.161999,476
476,2019-12-30 00:45:35.178999,477
477,2019-12-30 01:05:47.429999,478
478,2019-12-30 01:34:57.003999,479
479,2019-12-30 03:58:40.191999,480
480,2019-12-30 04:07:19.596999,481
481,2019-12-30 04:36:05.132999,482
482,2019-12-30 05:19:57.088999,483
483,2019-12-30 06:06:31.551999,484
484,2019-12-30 06:25:39.256999,485
485,2019-12-30 08:15:07.771999,486
486,2019-12-30 08:26:53.919999,487
487,2019-12-30 09:37:41.469999,488
488,2019-12-30 10:01:51.505999,489
489,2019-12-30 12:08:06.038999,490
490,2019-12-30 12:37:37.188999,491
491,2019-12-30 14:44:28.755999,492
492,2019-12-30 16:53:22.395999,493
493,2019-12-30 17:00:13.640999,494
494,2019-12-30 17:16:23.527999,495
495,2019-12-30 18:40:27.495999,496
496,2019-12-30 19:29:13.099999,497
497,2019-12-30 20:04:46.890999,498
498,2019-12-30 20:12:10.590999,499
499,2019-12-30 20:58:35.106999,500
500,2019-12-30 21:40:05.597999,501
501,2019-12-30 22:38:30.234999,502
502,2019-12-30 23:12:45.651999,503
503,2019-12-30 23:55:36.012999,504
504,2019-12-31 01:28:01.774001,505
505,2019-12-31 02:15:12.229001,506
506,2019-12-31 04:59:16.836001,507
507,2019-12-31 05:16:53.792001,508
508,2019-12-31 05:30:29.976001,509
509,2019-12-31 06:18:06.401001,510
510,2019-12-31 06:24:20.016001,511
511,2019-12-31 06:42:05.942001,512
512,2019-12-31 07:01:19.233001,513
513,2019-12-31 08:52:30.130001,514
514,2019-12-31 10:23:35.696001,515
515,2019-12-31 10:53:38.875001,516
516,2019-12-31 12:50:53.370001,517
517,2019-12-31 13:02:42.472001,518
518,2019-12-31 14:01:37.975001,519
519,2019-12-31 14:01:56.384001,520
520,2019-12-31 14:58:08.172001,521
521,2019-12-31 15:26:31.763001,522
522,2019-12-31 16:35:27.005001,523
523,2019-12-31 17:04:59.725001,524
524,2019-12-31 17:46:08.360001,525
525,2019-12-31 19:43:57.864001,526
526,2019-12-31 21:29:19.499001,527
527,2019-12-31 22:17:13.034001,528
528,2019-12-31 22:41:47.808001,529
529,2019-12-31 23:18:29.986001,530
530,2020-01-01 00:21:05.528001,531
531,2020-01-01 01:20:48.278001,532
532,2020-01-01 03:39:02.219001,533
533,2020-01-01 03:55:19.375001,534
534,2020-01-01 03:55:44.989001,535
535,2020-01-01 04:03:23.572001,536
536,2020-01-01 04:35:51.297001,537
537,2020-01-01 05:01:40.389001,538
538,2020-01-01 06:29:25.707001,539
539,2020-01-01 07:35:55.343001,540
540,2020-01-01 08:12:06.431001,541
541,2020-01-01 08:30:55.890001,542
542,2020-01-01 08:35:52.755001,543
543,2020-01-01 09:17:17.766001,544
544,2020-01-01 09:31:03.352001,545
545,2020-01-01 10:05:07.865001,546
546,2020-01-01 11:07:30.826001,547
547,2020-01-01 12:24:07.043001,548
548,2020-01-01 13:53:52.073001,549
549,2020-01-02 00:38:26.905000,550
550,2020-01-02 01:14:39.034000,551
551,2020-01-02 02:26:10.170000,552
552,2020-01-02 02:53:56.308000,553
553,2020-01-02 02:54:00.171000,554
554,2020-01-02 02:54:10.725000,555
555,2020-01-02 02:56:26.050000,556
556,2020-01-02 02:56:27.280000,557
557,2020-01-02 03:12:40.830000,558
558,2020-01-02 03:19:11.027000,559
559,2020-01-02 03:33:59.998000,560
560,2020-01-02 03:58:03.362000,561
561,2020-01-02 05:54:35.080000,562
562,2020-01-02 06:20:55.498000,563
563,2020-01-02 07:22:19.368000,564
564,2020-01-02 08:02:57.431000,565
565,2020-01-02 08:27:22.782000,566
566,2020-01-02 09:59:49.084000,567
567,2020-01-02 11:17:21.115000,568
568,2020-01-02 11:35:46.935000,569
569,2020-01-02 13:07:56.022000,570
570,2020-01-02 13:08:14.046000,571
571,2020-01-02 13:18:42.260000,572
572,2020-01-02 14:07:54.170000,573
573,2020-01-02 14:33:05.359000,574
574,2020-01-02 14:58:08.452000,575
575,2020-01-02 15:07:19.278000,576
576,2020-01-02 16:27:41.886000,577
577,2020-01-02 17:02:23.879000,578
578,2020-01-02 17:33:09.030000,579
579,2020-01-02 18:26:29.325000,580
580,2020-01-02 19:02:38.247000,581
581,2020-01-02 19:54:05.574000,582
582,2020-01-02 21:20:39.980000,583
583,2020-01-02 22:10:26.836000,584
584,2020-01-02 22:14:49.603000,585
585,2020-01-03 00:39:21.614000,586
586,2020-01-03 00:42:24.518000,587
587,2020-01-03 01:54:24.190000,588
588,2020-01-03 02:07:58.119000,589
589,2020-01-03 03:18:45.361000,590
590,2020-01-03 03:34:48.469000,591
591,2020-01-03 03:47:57.393000,592
592,2020-01-03 03:48:40.317000,593
593,2020-01-03 03:48:46.934000,594
594,2020-01-03 03:49:41.351000,595
595,2020-01-03 04:51:25.644000,596
596,2020-01-03 06:03:14.977000,597
597,2020-01-03 07:08:50.021000,598
598,2020-01-03 07:12:47.867000,599
599,2020-01-03 08:07:50.138000,600
600,2020-01-03 09:42:33.790000,601
601,2020-01-03 10:05:46.014000,602
602,2020-01-03 11:10:27.733000,603
603,2020-01-03 12:22:37.979000,604
604,2020-01-03 12:30:20.664000,605
605,2020-01-03 13:46:40.737000,606
606,2020-01-03 14:49:43.284000,607
607,2020-01-03 15:15:03.630000,608
608,2020-01-03 15:57:56.231000,609
609,2020-01-03 17:13:39.882000,610
610,2020-01-03 17:33:34.607000,611
611,2020-01-03 17:47:05.210000,612
612,2020-01-03 18:21:16.709000,613
613,2020-01-03 19:55:37.530000,614
614,2020-01-03 20:45:41.851000,615
615,2020-01-03 20:52:23.050000,616
616,2020-01-03 22:10:13.817000,617
617,2020-01-03 22:10:32.435000,618
618,2020-01-03 23:56:24.477000,619
619,2020-01-04 00:26:21.624000,620
620,2020-01-04 01:22:07.444000,621
621,2020-01-04 01:34:16.186000,622
622,2020-01-04 01:40:31.570000,623
623,2020-01-04 02:37:07.064000,624
624,2020-01-04 02:56:12.171000,625
625,2020-01-04 05:04:57.300000,626
626,2020-01-04 05:26:37.564000,627
627,2020-01-04 06:12:34.377000,628
628,2020-01-04 07:29:54.387000,629
629,2020-01-04 08:14:04.112000,630
630,2020-01-04 09:27:07.529000,631
631,2020-01-04 09:40:32.724000,632
632,2020-01-04 09:46:18.822000,633
633,2020-01-04 11:35:33.327000,634
634,2020-01-04 11:36:45.826000,635
635,2020-01-04 13:02:47.925000,636
636,2020-01-04 14:02:55.868000,637
637,2020-01-04 14:14:31.199000,638
638,2020-01-04 16:07:50.325000,639
639,2020-01-04 16:34:06.520000,640
640,2020-01-04 16:44:37.899000,641
641,2020-01-04 17:27:38.651000,642
642,2020-01-04 18:24:32.602000,643
643,2020-01-04 19:09:26.018000,644
644,2020-01-04 19:18:04.787000,645
645,2020-01-04 21:24:52.205000,646
646,2020-01-04 23:35:39.238000,647
647,2020-01-05 00:05:49.678000,648
648,2020-01-05 00:13:24.596000,649
649,2020-01-05 01:44:40.029000,650
650,2020-01-05 02:04:11.976000,651
651,2020-01-05 03:13:05.480000,652
652,2020-01-05 04:05:11.814000,653
653,2020-01-05 04:39:22.047000,654
654,2020-01-05 04:53:24.160000,655
655,2020-01-05 04:58:52.809000,656
656,2020-01-05 06:42:54.050000,657
657,2020-01-05 08:26:25.110000,658
658,2020-01-05 08:39:49.892000,659
659,2020-01-05 08:44:42.452000,660
660,2020-01-05 09:18:59.445000,661
661,2020-01-05 10:35:53.047000,662
662,2020-01-05 12:45:36.142000,663
663,2020-01-05 12:51:56.440000,664
664,2020-01-05 12:56:56.966000,665
665,2020-01-05 13:51:24.221000,666
666,2020-01-05 14:31:20.074000,667
667,2020-01-05 15:26:03.530000,668
668,2020-01-05 17:42:03.773000,669
669,2020-01-05 17:46:10.712000,670
670,2020-01-05 20:08:30.747000,671
671,2020-01-05 20:36:51.728000,672
672,2020-01-05 20:49:51.851000,673
673,2020-01-05 21:07:13.799000,674
674,2020-01-05 22:24:26.806000,675
675,2020-01-05 22:32:02.308000,676
676,2020-01-05 23:48:33.630000,677
677,2020-01-06 00:20:06.846000,678
678,2020-01-06 00:48:06.216000,679
679,2020-01-06 00:53:50.949000,680
680,2020-01-06 03:13:19.115000,681
681,2020-01-06 03:29:16.856000,682
682,2020-01-06 03:38:17.059000,683
683,2020-01-06 03:38:18.265000,684
684,2020-01-06 03:57:21.836000,685
685,2020-01-06 05:39:35.927000,686
686,2020-01-06 05:59:08.562000,687
687,2020-01-06 07:58:02.206000,688
688,2020-01-06 08:01:24.325000,689
689,2020-01-06 09:27:43.613000,690
690,2020-01-06 10:05:41.205000,691
691,2020-01-06 10:10:15.739000,692
692,2020-01-06 10:10:42.310000,693
693,2020-01-06 10:13:21.274000,694
694,2020-01-06 10:13:24.852000,695
695,2020-01-06 10:13:30.579000,696
696,2020-01-06 10:13:40.676000,697
697,2020-01-06 10:13:52.913000,698
698,2020-01-06 10:14:09.511000,699
699,2020-01-06 10:15:56.557000,700
700,2020-01-06 12:20:05.162000,701
701,2020-01-06 12:23:50.960000,702
702,2020-01-06 12:34:30.588000,703
703,2020-01-06 13:24:27.974000,704
704,2020-01-06 14:10:07.510000,705
705,2020-01-06 14:57:14.413000,706
706,2020-01-06 17:24:48.345000,707
707,2020-01-06 17:29:35.781000,708
708,2020-01-06 17:31:36.791000,709
709,2020-01-06 19:43:03.103000,710
710,2020-01-06 19:47:03.563000,711
711,2020-01-06 21:43:49.434000,712
712,2020-01-06 22:01:59.193000,713
713,2020-01-06 22:36:20.077000,714
714,2020-01-06 22:46:27.711000,715
715,2020-01-06 23:06:13.291000,716
716,2020-01-07 00:04:31.504000,717
717,2020-01-07 00:21:10.769000,718
718,2020-01-07 02:46:04.998000,719
719,2020-01-07 02:58:20.597000,720
720,2020-01-07 04:08:14.996000,721
721,2020-01-07 05:39:14.424000,722
722,2020-01-07 05:42:14.112000,723
723,2020-01-07 05:42:15.429000,724
724,2020-01-07 07:41:38.737000,725
725,2020-01-07 08:57:17.424000,726
726,2020-01-07 08:57:51.015000,727
727,2020-01-07 09:18:07.172000,728
728,2020-01-07 11:35:42.513000,729
729,2020-01-07 11:57:46.084000,730
730,2020-01-07 12:03:22.979000,731
731,2020-01-07 14:04:16.600000,732
732,2020-01-07 14:48:42.086000,733
733,2020-01-07 15:19:54.341000,734
734,2020-01-07 15:39:57.487000,735
735,2020-01-07 17:27:22.526000,736
736,2020-01-07 19:25:03.060000,737
737,2020-01-07 19:52:11.633000,738
738,2020-01-07 19:53:14.075000,739
739,2020-01-07 21:06:57.849000,740
740,2020-01-07 22:11:19.265000,741
741,2020-01-07 23:40:51.135000,742
742,2020-01-08 00:18:48.401999,743
743,2020-01-08 00:38:15.590999,744
744,2020-01-08 01:29:35.181999,745
745,2020-01-08 02:39:58.115999,746
746,2020-01-08 03:12:10.858999,747
747,2020-01-08 05:13:25.884999,748
748,2020-01-08 05:34:02.124999,749
749,2020-01-08 05:46:11.710999,750
750,2020-01-08 06:18:25.316999,751
751,2020-01-08 07:49:01.441999,752
752,2020-01-08 07:58:08.445999,753
753,2020-01-08 09:36:08.102999,754
754,2020-01-08 09:52:41.071999,755
755,2020-01-08 10:21:00.482999,756
756,2020-01-08 11:15:10.931999,757
757,2020-01-08 12:08:12.307999,758
758,2020-01-08 14:40:57.818999,759
759,2020-01-08 14:41:43.982999,760
760,2020-01-08 14:42:00.800999,761
761,2020-01-08 15:27:56.515999,762
762,2020-01-08 17:21:27.438999,763
763,2020-01-08 18:38:55.530999,764
764,2020-01-08 19:41:44.650999,765
765,2020-01-08 19:59:42.225999,766
766,2020-01-08 20:40:20.025999,767
767,2020-01-08 20:41:12.077999,768
768,2020-01-08 20:41:38.066999,769
769,2020-01-08 22:01:18.263999,770
770,2020-01-08 23:28:27.444999,771
771,2020-01-08 23:53:27.282999,772
772,2020-01-09 00:20:38.297001,773
773,2020-01-09 02:01:42.768001,774
774,2020-01-09 02:49:41.714001,775
775,2020-01-09 04:37:27.695001,776
776,2020-01-09 05:02:42.508001,777
777,2020-01-09 05:23:47.681001,778
778,2020-01-09 05:28:56.822001,779
779,2020-01-09 07:02:22.828001,780
780,2020-01-09 07:31:56.635001,781
781,2020-01-09 07:36:11.473001,782
782,2020-01-09 09:33:52.194001,783
783,2020-01-09 11:06:47.691001,784
784,2020-01-09 12:18:30.068001,785
785,2020-01-09 12:18:31.193001,786
786,2020-01-09 12:19:55.689001,787
787,2020-01-09 16:50:48.417001,788
788,2020-01-09 17:23:30.616001,789
789,2020-01-09 18:09:49.304001,790
790,2020-01-09 19:12:05.039001,791
791,2020-01-09 20:25:38.794001,792
792,2020-01-09 21:09:08.024001,793
793,2020-01-09 21:19:23.753001,794
794,2020-01-09 21:20:14.513001,795
795,2020-01-09 22:58:20.855001,796
796,2020-01-09 23:16:42.864001,797
797,2020-01-09 23:30:42.192001,798
798,2020-01-10 00:20:46.642000,799
799,2020-01-10 01:01:53.181000,800
800,2020-01-10 01:01:55.224000,801
801,2020-01-10 01:02:59.862000,802
802,2020-01-10 01:05:22.500000,803
803,2020-01-10 01:05:23.943000,804
804,2020-01-10 02:09:32.500000,805
805,2020-01-10 02:46:46.260000,806
806,2020-01-10 02:46:57.250000,807
807,2020-01-10 02:47:06.921000,808
808,2020-01-10 02:49:18.843000,809
809,2020-01-10 03:20:51.631000,810
810,2020-01-10 04:37:14.254000,811
811,2020-01-10 04:42:32.794000,812
812,2020-01-10 07:05:43.300000,813
813,2020-01-10 07:37:58.738000,814
814,2020-01-10 07:48:28.930000,815
815,2020-01-10 07:50:41.718000,816
816,2020-01-10 07:53:31.644000,817
817,2020-01-10 08:48:26.067000,818
818,2020-01-10 09:11:41.432000,819
819,2020-01-10 09:49:44.361000,820
820,2020-01-10 10:01:08.328000,821
821,2020-01-10 10:28:07.908000,822
822,2020-01-10 11:16:07.307000,823
823,2020-01-10 11:20:17.937000,824
824,2020-01-10 15:15:52.906000,825
825,2020-01-10 16:19:44.904000,826
826,2020-01-10 18:52:53.834000,827
827,2020-01-10 19:42:58.766000,828
828,2020-01-10 20:59:38.226000,829
829,2020-01-10 21:26:29.597000,830
830,2020-01-10 21:48:53.192000,831
831,2020-01-10 22:35:15.227000,832
832,2020-01-10 23:16:28.183000,833
833,2020-01-11 00:20:20.914000,834
834,2020-01-11 01:45:46.166000,835
835,2020-01-11 02:40:25.355000,836
836,2020-01-11 03:44:31.319000,837
837,2020-01-11 04:22:22.664000,838
838,2020-01-11 06:55:15.362000,839
839,2020-01-11 08:12:39.500000,840
840,2020-01-11 09:00:07.734000,841
841,2020-01-11 09:02:01.514000,842
842,2020-01-11 11:07:34.261000,843
843,2020-01-11 12:03:07.331000,844
844,2020-01-11 12:23:35.890000,845
845,2020-01-11 13:03:16.452000,846
846,2020-01-11 13:34:35.904000,847
847,2020-01-11 13:59:57.447000,848
848,2020-01-11 14:13:05.794000,849
849,2020-01-11 15:21:10.227000,850
850,2020-01-11 17:59:52.077000,851
851,2020-01-11 18:55:44.578000,852
852,2020-01-12 04:47:05.025009,853
853,2020-01-12 05:01:40.206009,854
854,2020-01-12 05:43:35.903009,855
855,2020-01-12 07:00:47.911009,856
856,2020-01-12 08:22:26.522009,857
857,2020-01-12 08:47:18.600009,858
858,2020-01-12 10:04:47.761009,859
859,2020-01-12 11:04:59.462009,860
860,2020-01-12 11:05:00.645009,861
861,2020-01-12 11:05:01.789009,862
862,2020-01-12 11:05:07.122009,863
863,2020-01-12 11:11:34.682009,864
864,2020-01-12 13:18:07.622009,865
865,2020-01-12 13:46:25.729009,866
866,2020-01-12 15:19:14.605009,867
867,2020-01-12 15:25:11.763009,868
868,2020-01-12 16:07:21.490009,869
869,2020-01-12 18:06:22.604009,870
870,2020-01-12 18:22:03.734009,871
871,2020-01-12 19:06:26.965009,872
872,2020-01-12 19:29:57.095009,873
873,2020-01-12 22:08:48.581009,874
874,2020-01-12 22:59:16.185009,875
875,2020-01-12 23:12:01.868009,876
876,2020-01-13 03:20:39.752000,877
877,2020-01-13 03:23:50.255000,878
878,2020-01-13 04:27:20.240000,879
879,2020-01-13 05:17:36.283000,880
880,2020-01-13 07:20:25.476000,881
881,2020-01-13 08:07:10.282000,882
882,2020-01-13 08:49:36.170000,883
883,2020-01-13 10:04:32.556000,884
884,2020-01-13 10:11:03.414000,885
885,2020-01-13 10:24:41.665000,886
886,2020-01-13 13:37:17.361000,887
887,2020-01-13 13:41:08.757000,888
888,2020-01-13 16:47:06.403000,889
889,2020-01-13 16:58:06.421000,890
890,2020-01-13 17:27:00.037000,891
891,2020-01-13 17:31:17.612000,892
892,2020-01-13 18:02:10.607000,893
893,2020-01-13 20:06:56.358000,894
894,2020-01-13 21:01:49.003000,895
895,2020-01-13 23:04:11.986000,896
896,2020-01-14 00:22:56.809000,897
897,2020-01-14 00:36:51.298000,898
898,2020-01-14 00:54:23.250000,899
899,2020-01-14 01:57:05.509000,900
900,2020-01-14 04:22:19.198000,901
901,2020-01-14 04:52:04.188000,902
902,2020-01-14 05:43:48.902000,903
903,2020-01-14 07:31:45.822000,904
904,2020-01-14 07:47:30.884000,905
905,2020-01-14 10:40:25.124000,906
906,2020-01-14 10:56:11.384000,907
907,2020-01-14 11:36:39.219000,908
908,2020-01-14 12:15:56.292000,909
909,2020-01-14 14:01:10.209000,910
910,2020-01-14 14:01:20.733000,911
911,2020-01-14 14:01:41.909000,912
912,2020-01-14 14:15:00.973000,913
913,2020-01-14 17:49:42.505000,914
914,2020-01-14 17:59:45.948000,915
915,2020-01-14 18:10:01.675000,916
916,2020-01-14 21:32:51.882000,917
917,2020-01-14 21:40:52.921000,918
918,2020-01-14 23:47:35.845000,919
919,2020-01-15 00:07:40.112000,920
920,2020-01-15 00:59:58.458000,921
921,2020-01-15 01:24:49.399000,922
922,2020-01-15 01:30:49.400000,923
923,2020-01-15 03:06:17.291000,924
924,2020-01-15 05:06:27.204000,925
925,2020-01-15 06:41:42.279000,926
926,2020-01-15 07:55:14.342000,927
927,2020-01-15 08:32:58.053000,928
928,2020-01-15 11:20:31.470000,929
929,2020-01-15 11:31:35.910000,930
930,2020-01-15 12:15:03.130000,931
931,2020-01-15 12:26:31.197000,932
932,2020-01-15 13:05:52.738000,933
933,2020-01-15 16:40:31.171000,934
934,2020-01-15 18:33:55.917000,935
935,2020-01-15 20:28:41.116000,936
936,2020-01-15 22:24:39.270000,937
937,2020-01-15 22:28:20.833000,938
938,2020-01-15 22:28:44.619000,939
939,2020-01-15 22:29:02.648000,940
940,2020-01-15 23:37:54.511000,941
941,2020-01-16 00:17:49.405001,942
942,2020-01-16 00:18:29.592001,943
943,2020-01-16 00:23:27.097001,944
944,2020-01-16 02:02:24.394001,945
945,2020-01-16 02:03:08.899001,946
946,2020-01-16 04:34:26.502001,947
947,2020-01-16 04:58:47.631001,948
948,2020-01-16 06:18:06.143001,949
949,2020-01-16 07:53:03.880001,950
950,2020-01-16 08:19:07.525001,951
951,2020-01-16 08:35:57.316001,952
952,2020-01-16 09:25:49.642001,953
953,2020-01-16 10:44:02.779001,954
954,2020-01-16 12:29:19.142001,955
955,2020-01-16 14:15:51.812001,956
956,2020-01-16 15:03:32.006001,957
957,2020-01-16 17:52:39.753001,958
958,2020-01-16 21:12:05.781001,959
959,2020-01-16 21:36:26.650001,960
960,2020-01-16 22:21:46.222001,961
961,2020-01-16 22:55:36.350001,962
962,2020-01-17 00:34:07.679999,963
963,2020-01-17 00:41:30.271999,964
964,2020-01-17 03:59:00.503999,965
965,2020-01-17 04:20:24.386999,966
966,2020-01-17 04:24:46.311999,967
967,2020-01-17 04:39:48.216999,968
968,2020-01-17 04:40:14.853999,969
969,2020-01-17 07:52:35.866999,970
970,2020-01-17 07:52:37.988999,971
971,2020-01-17 07:53:04.251999,972
972,2020-01-17 07:58:38.248999,973
973,2020-01-17 08:35:49.574999,974
974,2020-01-17 09:27:32.458999,975
975,2020-01-17 09:46:01.222999,976
976,2020-01-17 10:10:01.871999,977
977,2020-01-17 10:34:52.657999,978
978,2020-01-17 10:51:12.037999,979
979,2020-01-17 14:22:15.084999,980
980,2020-01-17 14:37:25.922999,981
981,2020-01-17 16:04:35.675999,982
982,2020-01-17 16:52:27.910999,983
983,2020-01-17 17:08:33.305999,984
984,2020-01-17 18:14:05.564999,985
985,2020-01-17 18:25:02.013999,986
986,2020-01-17 20:37:52.836999,987
987,2020-01-17 21:02:18.146999,988
988,2020-01-17 21:34:03.336999,989
989,2020-01-17 21:57:19.042999,990
990,2020-01-17 22:08:04.618999,991
991,2020-01-17 22:56:35.461999,992
992,2020-01-17 23:07:33.191999,993
993,2020-01-18 00:47:43.413000,994
994,2020-01-18 03:31:14.895000,995
995,2020-01-18 03:57:47.393000,996
996,2020-01-18 04:52:09.213000,997
997,2020-01-18 05:17:35.439000,998
998,2020-01-18 05:23:29.693000,999
999,2020-01-18 05:38:52.309000,1000
1000,2020-01-18 07:58:37.433000,1001
1001,2020-01-18 08:03:16.275000,1002
1002,2020-01-18 10:00:11.389000,1003
1003,2020-01-18 10:39:43.504000,1004
1004,2020-01-18 10:52:04.286000,1005
1005,2020-01-18 11:31:48.638000,1006
1006,2020-01-18 12:30:29.260000,1007
1007,2020-01-18 13:33:45.727000,1008
1008,2020-01-18 14:26:28.138000,1009
1009,2020-01-18 15:12:28.569000,1010
1010,2020-01-18 16:10:09.343000,1011
1011,2020-01-18 16:40:53.006000,1012
1012,2020-01-18 17:01:37.400000,1013
1013,2020-01-18 17:20:16.304000,1014
1014,2020-01-18 18:01:21.198000,1015
1015,2020-01-18 18:15:06.998000,1016
1016,2020-01-18 18:27:33.286000,1017
1017,2020-01-18 19:02:03.671000,1018
1018,2020-01-18 19:04:46.145000,1019
1019,2020-01-18 21:26:35.977000,1020
1020,2020-01-18 23:25:18.293000,1021
1021,2020-01-19 00:07:48.635000,1022
1022,2020-01-19 00:24:49.624000,1023
1023,2020-01-19 03:29:01.411000,1024
1024,2020-01-19 03:55:46.072000,1025
1025,2020-01-19 04:36:16.556000,1026
1026,2020-01-19 04:38:01.285000,1027
1027,2020-01-19 04:45:32.505000,1028
1028,2020-01-19 05:32:09.946000,1029
1029,2020-01-19 06:44:04.283000,1030
1030,2020-01-19 07:54:17.652000,1031
1031,2020-01-19 09:14:58.129000,1032
1032,2020-01-19 09:14:59.273000,1033
1033,2020-01-19 09:15:05.091000,1034
1034,2020-01-19 09:15:09.653000,1035
1035,2020-01-19 09:15:12.457000,1036
1036,2020-01-19 09:16:00.789000,1037
1037,2020-01-19 10:43:02.212000,1038
1038,2020-01-19 12:27:12.461000,1039
1039,2020-01-19 12:51:07.174000,1040
1040,2020-01-19 12:51:53.971000,1041
1041,2020-01-19 14:14:54.985000,1042
1042,2020-01-19 15:33:46.638000,1043
1043,2020-01-19 17:55:14.543000,1044
1044,2020-01-19 19:30:39.293000,1045
1045,2020-01-19 20:03:44.457000,1046
1046,2020-01-19 20:20:42.867000,1047
1047,2020-01-19 21:09:59.964000,1048
1048,2020-01-19 21:11:34.971000,1049
1049,2020-01-19 21:11:36.251000,1050
1050,2020-01-19 21:15:35.593000,1051
1051,2020-01-19 23:52:08.225000,1052
1052,2020-01-20 00:23:05.842000,1053
1053,2020-01-20 01:42:16.665000,1054
1054,2020-01-20 01:56:28.010000,1055
1055,2020-01-20 03:48:17.812000,1056
1056,2020-01-20 04:23:14.434000,1057
1057,2020-01-20 05:10:37.083000,1058
1058,2020-01-20 05:33:48.022000,1059
1059,2020-01-20 06:07:53.847000,1060
1060,2020-01-20 07:41:05.435000,1061
1061,2020-01-20 08:38:24.343000,1062
1062,2020-01-20 10:29:15.436000,1063
1063,2020-01-20 11:45:08.175000,1064
1064,2020-01-20 13:51:47.256000,1065
1065,2020-01-20 14:23:00.544000,1066
1066,2020-01-20 14:35:28.190000,1067
1067,2020-01-20 16:35:17.160000,1068
1068,2020-01-20 17:32:12.711000,1069
1069,2020-01-20 20:49:53.074000,1070
1070,2020-01-20 21:19:41.736000,1071
1071,2020-01-20 23:20:45.169000,1072
1072,2020-01-20 23:31:15.819000,1073
1073,2020-01-20 23:59:02.408000,1074
1074,2020-01-21 01:46:02.675000,1075
1075,2020-01-21 02:22:25.837000,1076
1076,2020-01-21 03:48:58.961000,1077
1077,2020-01-21 03:54:11.606000,1078
1078,2020-01-21 03:54:16.726000,1079
1079,2020-01-21 03:57:25.545000,1080
1080,2020-01-21 05:12:45.046000,1081
1081,2020-01-21 05:12:53.539000,1082
1082,2020-01-21 05:30:56.996000,1083
1083,2020-01-21 05:54:08.006000,1084
1084,2020-01-21 06:34:45.801000,1085
1085,2020-01-21 07:23:43.710000,1086
1086,2020-01-21 07:23:47.117000,1087
1087,2020-01-21 08:05:30.212000,1088
1088,2020-01-21 10:07:50.562000,1089
1089,2020-01-21 10:16:08.790000,1090
1090,2020-01-21 10:43:54.327000,1091
1091,2020-01-21 17:38:00.147000,1092
1092,2020-01-21 19:39:13.637000,1093
1093,2020-01-21 21:10:56.637000,1094
1094,2020-01-21 21:24:25.235000,1095
1095,2020-01-21 22:05:02.590000,1096
1096,2020-01-21 22:13:39.595000,1097
1097,2020-01-21 23:24:57.720000,1098
1098,2020-01-21 23:45:03.146000,1099
1099,2020-01-22 00:40:06.268000,1100
1100,2020-01-22 01:22:57.713000,1101
1101,2020-01-22 01:36:02.812000,1102
1102,2020-01-22 05:01:40.001000,1103
1103,2020-01-22 05:36:06.287000,1104
1104,2020-01-22 06:29:40.670000,1105
1105,2020-01-22 08:12:52.412000,1106
1106,2020-01-22 11:01:53.863000,1107
1107,2020-01-22 18:14:00.314000,1108
1108,2020-01-22 19:27:53.546000,1109
1109,2020-01-22 19:43:14.752000,1110
1110,2020-01-22 19:43:53.194000,1111
1111,2020-01-22 20:05:59.039000,1112
1112,2020-01-22 20:06:01.679000,1113
1113,2020-01-22 20:53:21.480000,1114
1114,2020-01-22 21:15:08.701000,1115
1115,2020-01-22 21:15:26.658000,1116
1116,2020-01-22 21:31:58.866000,1117
1117,2020-01-22 21:33:00.303000,1118
1118,2020-01-22 21:34:05.171000,1119
1119,2020-01-23 00:52:55.738999,1120
1120,2020-01-23 02:01:55.012999,1121
1121,2020-01-23 05:17:01.898999,1122
1122,2020-01-23 05:22:06.909999,1123
1123,2020-01-23 05:28:55.494999,1124
1124,2020-01-23 07:01:46.224999,1125
1125,2020-01-23 08:28:06.528999,1126
1126,2020-01-23 08:41:01.575999,1127
1127,2020-01-23 09:16:13.353999,1128
1128,2020-01-23 10:10:07.748999,1129
1129,2020-01-23 10:41:06.765999,1130
1130,2020-01-23 10:59:27.601999,1131
1131,2020-01-23 11:00:33.630999,1132
1132,2020-01-23 15:04:07.717999,1133
1133,2020-01-23 19:25:54.691999,1134
1134,2020-01-23 20:06:17.263999,1135
1135,2020-01-23 20:35:34.467999,1136
1136,2020-01-23 21:11:27.719999,1137
1137,2020-01-23 21:38:25.841999,1138
1138,2020-01-23 22:34:31.902999,1139
1139,2020-01-23 23:29:51.246999,1140
1140,2020-01-23 23:46:02.182999,1141
1141,2020-01-24 02:18:27.264000,1142
1142,2020-01-24 04:23:54.849000,1143
1143,2020-01-24 04:57:13.179000,1144
1144,2020-01-24 05:38:54.580000,1145
1145,2020-01-24 05:41:42.672000,1146
1146,2020-01-24 05:58:18.363000,1147
1147,2020-01-24 06:26:55.739000,1148
1148,2020-01-24 07:04:05.796000,1149
1149,2020-01-24 08:04:20.456000,1150
1150,2020-01-24 08:20:12.137000,1151
1151,2020-01-24 09:33:53.373000,1152
1152,2020-01-24 10:03:14.991000,1153
1153,2020-01-24 10:53:47.643000,1154
1154,2020-01-24 11:04:02.414000,1155
1155,2020-01-24 13:03:36.868000,1156
1156,2020-01-24 14:47:31.832000,1157
1157,2020-01-24 17:08:39.021000,1158
1158,2020-01-24 17:50:20.706000,1159
1159,2020-01-24 17:54:18.756000,1160
1160,2020-01-24 17:58:47.298000,1161
1161,2020-01-24 20:48:08.447000,1162
1162,2020-01-24 21:03:13.291000,1163
1163,2020-01-24 22:18:42.657000,1164
1164,2020-01-24 22:37:04.397000,1165
1165,2020-01-24 23:25:04.337000,1166
1166,2020-01-24 23:28:45.869000,1167
1167,2020-01-24 23:29:24.454000,1168
1168,2020-01-25 00:02:54.234000,1169
1169,2020-01-25 00:44:08.880000,1170
1170,2020-01-25 00:55:05.914000,1171
1171,2020-01-25 03:05:47.462000,1172
1172,2020-01-25 06:24:01.904000,1173
1173,2020-01-25 06:29:54.554000,1174
1174,2020-01-25 07:11:16.043000,1175
1175,2020-01-25 07:51:06.859000,1176
1176,2020-01-25 08:46:15.198000,1177
1177,2020-01-25 08:46:19.555000,1178
1178,2020-01-25 09:03:25.048000,1179
1179,2020-01-25 09:38:37.751000,1180
1180,2020-01-25 10:55:24.901000,1181
1181,2020-01-25 11:50:48.081000,1182
1182,2020-01-25 12:53:44.750000,1183
1183,2020-01-25 14:39:33.801000,1184
1184,2020-01-25 18:56:59.855000,1185
1185,2020-01-25 19:11:35.503000,1186
1186,2020-01-25 20:35:16.904000,1187
1187,2020-01-25 21:35:36.610000,1188
1188,2020-01-25 22:02:22.628000,1189
1189,2020-01-25 22:25:34.969000,1190
1190,2020-01-25 22:31:40.551000,1191
1191,2020-01-26 00:16:21.226000,1192
1192,2020-01-26 01:56:40.434000,1193
1193,2020-01-26 03:20:32.820000,1194
1194,2020-01-26 04:36:17.529000,1195
1195,2020-01-26 05:27:50.487000,1196
1196,2020-01-26 05:55:35.874000,1197
1197,2020-01-26 06:48:56.254000,1198
1198,2020-01-26 07:57:13.004000,1199
1199,2020-01-26 08:26:43.371000,1200
1200,2020-01-26 08:53:21.785000,1201
1201,2020-01-26 09:10:31.148000,1202
1202,2020-01-26 09:31:39.771000,1203
1203,2020-01-26 11:03:58.746000,1204
1204,2020-01-26 14:33:27.708000,1205
1205,2020-01-26 15:10:48.734000,1206
1206,2020-01-26 15:34:17.605000,1207
1207,2020-01-26 16:01:56.050000,1208
1208,2020-01-26 16:11:32.486000,1209
1209,2020-01-26 17:11:44.983000,1210
1210,2020-01-26 18:03:03.020000,1211
1211,2020-01-26 19:14:39.048000,1212
1212,2020-01-26 20:02:05.314000,1213
1213,2020-01-26 21:56:52.627000,1214
1214,2020-01-26 21:56:57.478000,1215
1215,2020-01-26 21:57:00.125000,1216
1216,2020-01-26 21:57:02.023000,1217
1217,2020-01-26 21:57:11.166000,1218
1218,2020-01-27 00:51:22.309000,1219
1219,2020-01-27 01:32:47.633000,1220
1220,2020-01-27 02:20:10.961000,1221
1221,2020-01-27 02:44:08.637000,1222
1222,2020-01-27 02:51:11.637000,1223
1223,2020-01-27 03:32:01.457000,1224
1224,2020-01-27 03:36:43.904000,1225
1225,2020-01-27 03:41:44.420000,1226
1226,2020-01-27 06:22:54.452000,1227
1227,2020-01-27 06:28:52.533000,1228
1228,2020-01-27 07:56:11.738000,1229
1229,2020-01-27 08:08:43.710000,1230
1230,2020-01-27 09:27:51.704000,1231
1231,2020-01-27 17:04:42.954000,1232
1232,2020-01-27 20:41:36.998000,1233
1233,2020-01-27 20:53:22.471000,1234
1234,2020-01-27 21:09:01.636000,1235
1235,2020-01-27 21:48:33.684000,1236
1236,2020-01-27 21:59:41.481000,1237
1237,2020-01-27 23:19:28.256000,1238
1238,2020-01-27 23:19:30.011000,1239
1239,2020-01-27 23:23:55.983000,1240
1240,2020-01-28 00:07:20.780001,1241
1241,2020-01-28 01:07:28.378001,1242
1242,2020-01-28 02:15:53.868001,1243
1243,2020-01-28 02:15:55.448001,1244
1244,2020-01-28 03:09:42.918001,1245
1245,2020-01-28 04:18:04.538001,1246
1246,2020-01-28 05:20:42.467001,1247
1247,2020-01-28 07:20:39.764001,1248
1248,2020-01-28 07:29:48.376001,1249
1249,2020-01-28 08:41:52.503001,1250
1250,2020-01-28 09:10:00.198001,1251
1251,2020-01-28 11:04:51.866001,1252
1252,2020-01-28 11:59:34.414001,1253
1253,2020-01-28 15:11:01.251001,1254
1254,2020-01-28 16:55:43.553001,1255
1255,2020-01-28 19:03:14.950001,1256
1256,2020-01-28 19:09:42.097001,1257
1257,2020-01-28 19:33:36.267001,1258
1258,2020-01-28 19:43:07.464001,1259
1259,2020-01-28 22:39:25.672001,1260
1260,2020-01-29 00:55:42.107000,1261
1261,2020-01-29 01:32:50.347000,1262
1262,2020-01-29 02:34:53.232000,1263
1263,2020-01-29 02:45:35.027000,1264
1264,2020-01-29 02:56:42.323000,1265
1265,2020-01-29 06:27:08.650000,1266
1266,2020-01-29 06:31:07.819000,1267
1267,2020-01-29 06:51:05.994000,1268
1268,2020-01-29 07:53:57.713000,1269
1269,2020-01-29 09:20:09.929000,1270
1270,2020-01-29 09:54:49.695000,1271
1271,2020-01-29 10:18:56.937000,1272
1272,2020-01-29 10:40:15.503000,1273
1273,2020-01-29 11:27:51.972000,1274
1274,2020-01-29 11:50:55.585000,1275
1275,2020-01-29 13:35:35.297000,1276
1276,2020-01-29 13:55:32.953000,1277
1277,2020-01-29 15:42:17.804000,1278
1278,2020-01-29 17:06:47.273000,1279
1279,2020-01-29 17:52:54.138000,1280
1280,2020-01-29 17:58:47.726000,1281
1281,2020-01-29 18:06:23.321000,1282
1282,2020-01-29 18:14:38.888000,1283
1283,2020-01-29 19:31:44.257000,1284
1284,2020-01-29 19:35:30.877000,1285
1285,2020-01-29 21:41:34.195000,1286
1286,2020-01-29 21:46:19.891000,1287
1287,2020-01-29 21:57:32.438000,1288
1288,2020-01-29 22:11:12.957000,1289
1289,2020-01-29 22:57:23.871000,1290
1290,2020-01-29 23:32:00.842000,1291
1291,2020-01-30 00:58:36.568000,1292
1292,2020-01-30 01:30:43.565000,1293
1293,2020-01-30 01:35:23.715000,1294
1294,2020-01-30 01:35:35.580000,1295
1295,2020-01-30 01:50:56.707000,1296
1296,2020-01-30 02:20:18.482000,1297
1297,2020-01-30 02:37:32.300000,1298
1298,2020-01-30 03:01:16.014000,1299
1299,2020-01-30 04:15:01.806000,1300
1300,2020-01-30 05:59:20.539000,1301
1301,2020-01-30 07:55:56.847000,1302
1302,2020-01-30 08:24:30.871000,1303
1303,2020-01-30 09:07:54.613000,1304
1304,2020-01-30 09:21:20.946000,1305
1305,2020-01-30 11:05:42.161000,1306
1306,2020-01-30 11:08:58.424000,1307
1307,2020-01-30 11:55:50.932000,1308
1308,2020-01-30 12:29:40.872000,1309
1309,2020-01-30 12:51:54.292000,1310
1310,2020-01-30 16:39:23.228000,1311
1311,2020-01-30 16:51:06.595000,1312
1312,2020-01-30 17:42:43.013000,1313
1313,2020-01-30 18:42:28.133000,1314
1314,2020-01-30 20:14:16.156000,1315
1315,2020-01-30 20:25:05.089000,1316
1316,2020-01-30 21:03:23.752000,1317
1317,2020-01-30 21:05:00.594000,1318
1318,2020-01-30 21:29:39.075000,1319
1319,2020-01-30 21:29:52.412000,1320
1320,2020-01-30 22:50:36.315000,1321
1321,2020-01-31 11:00:26.491999,1322
1322,2020-01-31 11:26:33.918999,1323
1323,2020-01-31 12:16:32.073999,1324
1324,2020-01-31 12:53:54.598999,1325
1325,2020-01-31 15:44:21.816999,1326
1326,2020-01-31 19:01:57.266999,1327
1327,2020-01-31 19:27:59.825999,1328
1328,2020-01-31 19:54:55.510999,1329
1329,2020-01-31 21:12:49.050999,1330
1330,2020-01-31 21:52:00.460999,1331
1331,2020-01-31 22:55:52.146999,1332
1332,2020-01-31 23:40:34.447999,1333
1333,2020-01-31 23:47:35.666999,1334
1334,2020-02-01 00:30:24.358001,1335
1335,2020-02-01 00:30:49.805001,1336
1336,2020-02-01 00:32:52.149001,1337
1337,2020-02-01 01:04:49.631001,1338
1338,2020-02-01 03:31:58.183001,1339
1339,2020-02-01 04:20:47.054001,1340
1340,2020-02-01 04:29:18.234001,1341
1341,2020-02-01 07:33:23.330001,1342
1342,2020-02-01 07:52:41.479001,1343
1343,2020-02-01 08:29:50.942001,1344
1344,2020-02-01 11:06:57.807001,1345
1345,2020-02-01 14:53:10.337001,1346
1346,2020-02-01 14:54:49.778001,1347
1347,2020-02-01 15:32:55.651001,1348
1348,2020-02-01 18:09:37.015001,1349
1349,2020-02-01 18:52:48.708001,1350
1350,2020-02-01 19:54:43.342001,1351
1351,2020-02-01 20:01:53.919001,1352
1352,2020-02-01 21:46:23.215001,1353
1353,2020-02-01 22:51:11.662001,1354
1354,2020-02-01 23:40:20.049001,1355
1355,2020-02-01 23:53:33.743001,1356
1356,2020-02-02 03:00:30.282000,1357
1357,2020-02-02 04:20:57.981000,1358
1358,2020-02-02 04:32:41.911000,1359
1359,2020-02-02 04:55:00.076000,1360
1360,2020-02-02 04:55:01.877000,1361
1361,2020-02-02 05:27:35.611000,1362
1362,2020-02-02 06:57:31.351000,1363
1363,2020-02-02 08:09:32.977000,1364
1364,2020-02-02 09:33:02.447000,1365
1365,2020-02-02 11:37:26.064000,1366
1366,2020-02-02 12:32:09.294000,1367
1367,2020-02-02 12:32:28.185000,1368
1368,2020-02-02 12:34:45.858000,1369
1369,2020-02-02 12:35:00.499000,1370
1370,2020-02-02 14:23:16.094000,1371
1371,2020-02-03 00:11:59.567000,1372
1372,2020-02-03 00:47:57.526000,1373
1373,2020-02-03 00:48:16.654000,1374
1374,2020-02-03 00:59:58.362000,1375
1375,2020-02-03 02:47:44.155000,1376
1376,2020-02-03 05:46:42.163000,1377
1377,2020-02-03 06:49:49.460000,1378
1378,2020-02-03 09:13:01.848000,1379
1379,2020-02-03 09:35:05.995000,1380
1380,2020-02-03 11:29:36.160000,1381
